Civilité;Nom;Prénom;No;Rue;Lieu;Code;Ville;Tel portable;Tel fixe;adresse mail;Identificateur;Date création;Derniere maj;Source
M.;Hugo;Victor;12;Le Village;Grand Rue;46200;Rocamadour;06 12 34 56 01;04 65 12 34 01;victor.hugo@example.com;1728777501;01/01/2024;15/06/2026;DEMO
M.;Dumas;Alexandre;7;Le Village;Chemin du Presbytère;34150;Saint-Guilhem-le-Désert;06 12 34 56 02;04 65 12 34 02;alexandre.dumas@example.com;1728777502;02/01/2024;15/06/2026;DEMO
M.;Flaubert;Gustave;3;Le Village;Rue des Oliviers;30200;Castillon-du-Gard;06 12 34 56 03;04 65 12 34 03;gustave.flaubert@example.com;1728777503;03/01/2024;16/06/2026;DEMO
M.;Zola;Émile;18;Le Village;Chemin des Vignes;84160;Lourmarin;06 12 34 56 04;04 65 12 34 04;emile.zola@example.com;1728777504;04/01/2024;16/06/2026;DEMO
M.;Maupassant;Guy de;5;Le Village;Rue du Lavoir;26400;Saillans;06 12 34 56 05;04 65 12 34 05;guy.maupassant@example.com;1728777505;05/01/2024;17/06/2026;DEMO
M.;Proust;Marcel;9;Le Village;Place de la Mairie;89240;Saint-Sauveur-en-Puisaye;06 12 34 56 06;04 65 12 34 06;marcel.proust@example.com;1728777506;06/01/2024;17/06/2026;DEMO
Mme;Sand;George;16;Le Village;Rue du Moulin;36400;Nohant-Vic;06 12 34 56 07;04 65 12 34 07;george.sand@example.com;1728777507;07/01/2024;18/06/2026;DEMO
Mme;Colette;Colette;4;Le Village;Chemin des Lavandes;71460;Saint-Gengoux-le-National;06 12 34 56 08;04 65 12 34 08;colette@example.com;1728777508;08/01/2024;18/06/2026;DEMO
M.;Stendhal;Henri;8;Le Village;Rue du Château;26110;Nyons;06 12 34 56 09;04 65 12 34 09;stendhal@example.com;1728777509;09/01/2024;19/06/2026;DEMO
M.;Balzac;Honoré de;21;Le Village;Grand Rue;37210;Vouvray;06 12 34 56 10;04 65 12 34 10;honore.balzac@example.com;1728777510;10/01/2024;19/06/2026;DEMO
M.;Daudet;Alphonse;6;Le Village;Chemin de la Fontaine;13990;Fontvieille;06 12 34 56 11;04 65 12 34 11;alphonse.daudet@example.com;1728777511;11/01/2024;20/06/2026;DEMO
M.;Giono;Jean;11;Le Village;Rue des Écoliers;04100;Manosque;06 12 34 56 12;04 65 12 34 12;jean.giono@example.com;1728777512;12/01/2024;20/06/2026;DEMO
M.;Camus;Albert;2;Le Village;Chemin des Oliviers;13210;Saint-Rémy-de-Provence;06 12 34 56 13;04 65 12 34 13;albert.camus@example.com;1728777513;13/01/2024;21/06/2026;DEMO
M.;Saint-Exupéry;Antoine de;14;Le Village;Rue du Presbytère;69220;Belleville-en-Beaujolais;06 12 34 56 14;04 65 12 34 14;antoine.saint-exupery@example.com;1728777514;14/01/2024;21/06/2026;DEMO
Mme;Duras;Marguerite;1;Le Village;Place de l'Église;47120;Duras;06 12 34 56 15;04 65 12 34 15;marguerite.duras@example.com;1728777515;15/01/2024;22/06/2026;DEMO
M.;Gary;Romain;10;Le Village;Grand Rue;46500;Gramat;06 12 34 56 16;04 65 12 34 16;romain.gary@example.com;1728777516;16/01/2024;22/06/2026;DEMO
M.;Mauriac;François;17;Le Village;Chemin de la Source;33330;Saint-Émilion;06 12 34 56 17;04 65 12 34 17;francois.mauriac@example.com;1728777517;17/01/2024;23/06/2026;DEMO
M.;Gide;André;3;Le Village;Rue du Puits;30140;Anduze;06 12 34 56 18;04 65 12 34 18;andre.gide@example.com;1728777518;18/01/2024;23/06/2026;DEMO
M.;Sartre;Jean-Paul;25;Le Village;Rue des Tilleuls;89450;Vézelay;06 12 34 56 19;04 65 12 34 19;jeanpaul.sartre@example.com;1728777519;19/01/2024;24/06/2026;DEMO
Mme;Beauvoir;Simone de;13;Le Village;Chemin des Vieux Moulins;26170;Buis-les-Baronnies;06 12 34 56 20;04 65 12 34 20;simone.debeauvoir@example.com;1728777520;20/01/2024;24/06/2026;DEMO